{"cameraMode":{"drawMode":0,"name":"Shaded","section":"Shading Mode"},"sceneLighting":true,"audioPlay":false,"sceneViewState":{"m_AlwaysRefresh":false,"showFog":true,"showSkybox":true,"showFlares":true,"showImageEffects":true,"showParticleSystems":true,"showVisualEffectGraphs":true,"m_FxEnabled":true},"in2DMode":false,"pivot":{"x":1.4103078842163087,"y":-1.8519840240478516,"z":-0.7078323364257813},"rotation":{"x":-0.23449549078941346,"y":-0.16614215075969697,"z":0.040711939334869388,"w":-0.9569476842880249},"size":7.109668731689453,"orthographic":false}